RankChange,#,PlayerID,Points,Success Score,Result Score,Opponent Strength,Format Score,Activity,Consistency,Recency,Map Score,Maps Stats,Format Stats
—,1,TaWRe,2864,100.0,100.0,2311,68.3,88.6,27.8,40.7,13.3,Best: Unfinished Complex (+4.90); Worst: Tomb of Nefretari (-0.26); Freq: Cairo City x7,Best: Duel (+15.13); Worst: Multi (-0.39); Freq: Duel x20
—,2,KANE,2383,69.0,59.5,2245,64.1,91.4,24.9,42.0,8.0,Best: Slumoner (+3.25); Worst: Yards of Death (-0.67); Freq: Slumoner x7,Best: Duel (+5.69); Worst: Multi (-0.31); Freq: Duel x19
—,3,LIKBEZ,2219,73.4,84.5,1962,61.1,100.0,39.2,47.9,14.7,Best: Cairo City (+2.57); Worst: Fiaca (-0.67); Freq: Little Trouble x5,Best: Duel (+4.31); Worst: Team (+1.18); Freq: Duel x18
—,4,Kleer,1838,55.9,64.2,2310,54.7,22.9,19.3,0.0,20.2,Best: Slumoner (+2.74); Worst: Unfinished Complex (-0.23); Freq: Cairo City x3,Best: Duel (+2.56); Worst: Team (+0.00); Freq: Duel x4
—,5,Rukimichimoshi,1385,43.9,41.0,1883,80.0,40.0,67.5,24.5,34.7,Best: Brkeen Chevap (+1.11); Worst: Unfinished Complex (-1.44); Freq: Brkeen Chevap x5,Best: Duel (+1.34); Worst: Multi (-0.28); Freq: Duel x12
—,6,Denger,1241,25.6,0.0,2078,65.1,71.4,32.6,39.1,15.9,Best: Little Trouble (+0.24); Worst: Fiaca (-1.04); Freq: Cairo City x8,Best: Team (+0.06); Worst: Duel (-2.66); Freq: Duel x16
—,7,Almol,1099,53.9,81.7,1043,78.9,51.4,72.8,22.5,27.8,Best: Unfinished Complex (+2.31); Worst: Cairo City (-0.88); Freq: Unfinished Complex x6,Best: Duel (+3.32); Worst: Team (+0.89); Freq: Duel x15
—,8,Happiness,1050,41.7,42.4,2084,61.5,17.1,52.3,79.1,34.7,Best: Unfinished Complex (+0.71); Worst: Shotty Trouble (-0.43); Freq: Cairo City x2,Best: Team (+1.14); Worst: War Games (-0.43); Freq: Duel x4
—,9,TAHK,956,39.1,50.7,1300,45.5,28.6,82.2,54.0,16.9,Best: Little Trouble (+0.57); Worst: Tomb of Nefretari (-0.65); Freq: Little Trouble x3,Best: Team (+0.25); Worst: Duel (-0.07); Freq: Team x6
—,10,Krieger,855,30.0,26.6,2182,48.7,14.3,30.5,20.1,12.9,Best: Yards of Death (+0.71); Worst: Unfinished Complex (-1.40); Freq: Brkeen Chevap x1,Best: Training (+0.38); Worst: Duel (-2.70); Freq: Training x4
—,11,Fora,713,42.1,50.1,2284,30.8,0.0,16.3,3.4,2.0,Best: Fiaca (+1.00); Worst: Fiaca (+1.00); Freq: Fiaca x1,Best: War Games (+1.00); Worst: War Games (+1.00); Freq: War Games x1
—,12,Clow,549,31.5,41.8,1119,61.5,17.1,82.8,33.4,30.0,Best: Fiaca (+0.08); Worst: Little Trouble (-0.84); Freq: Cairo City x2,Best: War Games (+0.08); Worst: Team (-1.11); Freq: Duel x4
—,13,Peredoz,487,37.0,43.3,1568,100.0,0.0,0.0,57.0,100.0,Best: Brkeen Chevap (-0.40); Worst: Brkeen Chevap (-0.40); Freq: Brkeen Chevap x1,Best: Duel (-0.40); Worst: Duel (-0.40); Freq: Duel x1
—,14,Supersniper98,309,36.5,47.9,984,75.0,8.6,48.8,2.1,2.0,Best: Unfinished Complex (-0.26); Worst: Little Trouble (-0.28); Freq: Little Trouble x2,Best: Duel (-0.08); Worst: Team (-0.46); Freq: Duel x3
—,15,NekoRanger,308,27.3,80.8,727,59.2,91.4,43.4,42.1,22.5,Best: Little Trouble (+0.54); Worst: Fiaca (-1.41); Freq: Fiaca x7,Best: Team (+0.65); Worst: Multi (-3.23); Freq: Duel x18
—,16,Mr.Chocolate,279,13.1,37.1,839,67.5,71.4,44.8,55.2,16.7,Best: Fiaca (+0.84); Worst: Little Trouble + Slumoner + Shotty Trouble (-1.60); Freq: Fiaca x7,Best: Team (+0.41); Worst: Duel (-3.55); Freq: Duel x16
—,17,Chlorozom,205,30.3,39.4,780,75.0,8.6,58.7,3.6,34.7,Best: Cairo City (-0.34); Worst: Unfinished Complex (-1.88); Freq: Cairo City x2,Best: Team (-0.46); Worst: Duel (-1.77); Freq: Duel x3
—,18,Rokunin,167,1.4,13.0,694,64.1,48.6,60.1,50.0,20.2,Best: Cairo Trouble (+0.40); Worst: Cairo City (-2.59); Freq: Cairo City x5,Best: Team (+0.86); Worst: Duel (-7.04); Freq: Duel x10
—,19,Solomon,162,0.0,14.2,680,56.4,57.1,60.6,37.0,20.2,Best: Little Trouble + Slumoner + Shotty Trouble (+0.24); Worst: Fiaca (-4.50); Freq: Fiaca x6,Best: War Games (-0.98); Worst: Duel (-4.60); Freq: Duel x10
—,20,PACUL,153,35.0,42.4,400,30.8,0.0,86.6,3.4,2.0,Best: Fiaca (-0.96); Worst: Fiaca (-0.96); Freq: Fiaca x1,Best: War Games (-0.96); Worst: War Games (-0.96); Freq: War Games x1
—,21,Baltica,145,6.6,9.6,691,29.2,25.7,100.0,19.7,7.5,Best: Cairo City (-0.69); Worst: Medina (-1.67); Freq: Fiaca x2,Best: War Games (-0.79); Worst: Team (-3.72); Freq: Team x5
—,22,Overlord,133,29.9,71.8,284,64.6,40.0,58.7,74.0,23.8,Best: Fiaca (+0.59); Worst: Little Trouble (-1.86); Freq: Fiaca x4,Best: Duel (-0.29); Worst: Elimination (-1.00); Freq: Duel x8
—,23,Rufous,132,26.8,25.0,1508,23.1,8.6,64.7,32.8,10.2,Best: Cairo Trouble (-0.70); Worst: Unfinished Complex (-1.58); Freq: Unfinished Complex x2,Best: War Games (-0.62); Worst: Multi (-1.86); Freq: Multi x2
—,24,Bio-mechanoid,131,21.0,35.1,356,41.3,20.0,90.7,56.1,4.1,Best: Little Trouble (+0.20); Worst: Unfinished Complex (-1.66); Freq: Little Trouble x2,Best: Elimination (+0.11); Worst: Multi (-3.09); Freq: Multi x3
—,25,Silver,77,33.9,38.7,1364,0.0,2.9,42.7,100.0,67.3,Best: Brkeen Chevap (-0.50); Worst: Unfinished Complex (-0.76); Freq: Brkeen Chevap x1,Best: Team (-1.26); Worst: Team (-1.26); Freq: Team x2
—,26,Alezanco,76,33.4,38.1,1364,0.0,2.9,58.9,97.0,34.7,Best: Cairo City (-0.62); Worst: Unfinished Complex (-0.76); Freq: Cairo City x1,Best: Team (-1.38); Worst: Team (-1.38); Freq: Team x2
—,27,Snake-Eyed,56,26.2,49.9,97,82.7,20.0,29.7,40.7,57.1,Best: Tomb of Nefretari (+0.12); Worst: Unfinished Complex (-1.22); Freq: Brkeen Chevap x3,Best: Multi (-1.16); Worst: Duel (-2.20); Freq: Duel x6
—,28,Cofein,47,18.9,46.8,86,51.0,20.0,71.1,86.4,0.0,Best: Cairo City (+0.14); Worst: Unfinished Complex + Little Trouble + Cairo City + Shotty Trouble (-1.79); Freq: Medina x2,Best: Duel (+0.17); Worst: Multi (-4.25); Freq: Elimination x3
—,29,Костян,30,7.4,19.3,170,66.3,20.0,52.5,59.1,32.7,Best: Shotty Trouble (+0.10); Worst: Cairo City (-4.23); Freq: Cairo City x3,Best: Elimination (-1.53); Worst: Duel (-3.98); Freq: Duel x4
—,30,TURMS,9,0.1,9.8,181,77.8,22.9,37.3,68.6,23.8,Best: Unfinished Complex (-0.72); Worst: Medina (-2.31); Freq: Brkeen Chevap x2,Best: Elimination (-1.35); Worst: Duel (-6.91); Freq: Duel x6