RankChange,#,PlayerID,Points,MapsPlayed,Wins,Draws,Losses,W-L,FinalScore,Explanation
—,1,Clow,2450,39,28,1,10,+18,81.67,"[Balanced player] [Division A] STRONG Success Score (100.0), Result Score (100.0); WEAK Map Score (41.8), Format Score (51.9)"
—,2,TaWRe,1619,5,3,0,2,+1,53.98,"[Dominant duelist] [Division A] STRONG Format Score (97.8), Recency (90.4); WEAK Success Score (26.4), Result Score (28.7)"
—,3,Happiness,1584,9,3,0,6,-3,52.79,"[Tested by the top] [Division A] STRONG Format Score (100.0), Recency (92.3); WEAK Result Score (22.1), Success Score (25.2)"
—,4,Fora,1320,7,2,0,5,-3,44.01,"[Tested by the top] [Division A] STRONG Format Score (87.3), Success Score (21.4); WEAK Recency (0.0), Result Score (11.4)"
—,5,Supersniper98,1217,32,13,0,19,-6,40.57,"[Tested by the top] [Division A] STRONG Format Score (74.7), Recency (66.3); WEAK Result Score (8.5), Success Score (25.8)"
—,6,Rukimichimoshi,1125,22,14,0,8,+6,37.51,"[Dominant duelist] [Division B] STRONG Format Score (91.9), Recency (67.2); WEAK Success Score (31.6), Map Score (39.0)"
—,7,Kleer,907,1,0,0,1,-1,30.24,"[Rare guest] [Division B] STRONG Result Score (25.9), Format Score (22.2); WEAK Map Score (0.0), Recency (8.0)"
—,8,Chlorozom,731,17,9,0,8,+1,24.36,"[Weak-opponent farmer] [Division B] STRONG Format Score (66.0), Map Score (60.5); WEAK Success Score (16.4), Result Score (30.1)"
—,9,Peredoz,660,8,4,1,3,+1,22.01,"[Weak-opponent farmer] [Division B] STRONG Recency (89.0), Map Score (64.3); WEAK Success Score (20.3), Result Score (34.1)"
—,10,TAHK,633,18,9,0,9,0,21.09,"[Tested by the top] [Division B/C] STRONG Recency (60.2), Map Score (59.5); WEAK Success Score (15.9), Format Score (25.3)"
—,11,Alezanco,298,20,10,0,10,0,9.94,"[Weak-opponent farmer] [Division C] STRONG Recency (76.3), Format Score (61.1); WEAK Success Score (7.3), Result Score (31.7)"
—,12,Unreal,273,1,1,0,0,+1,9.11,"[Rare guest] [Division C] STRONG Map Score (42.9), Recency (35.6); WEAK Format Score (0.0), Success Score (23.2)"
—,13,KANE,267,4,1,0,3,-2,8.90,"[Tested by the top] [Division C] STRONG Format Score (66.7), Result Score (22.9); WEAK Recency (3.4), Success Score (17.4)"
—,14,LIKBEZ,256,5,1,0,4,-3,8.53,"[Balanced player] [Division C] STRONG Map Score (60.0), Result Score (19.5); WEAK Success Score (13.7), Recency (16.4)"
—,15,EviL_GhosT,252,1,1,0,0,+1,8.40,"[Rare guest] [Division C] STRONG Map Score (42.9), Recency (35.6); WEAK Format Score (0.0), Success Score (23.2)"
—,16,Almol,192,25,7,1,17,-10,6.39,"[Tested by the top] [Division C] STRONG Recency (62.7), Map Score (60.0); WEAK Result Score (0.0), Success Score (0.0)"
—,17,PACUL,170,3,0,0,3,-3,5.67,"[Balanced player] [Division C] STRONG Map Score (100.0), Recency (37.3); WEAK Success Score (13.0), Result Score (19.5)"
—,18,Silver,128,18,5,1,12,-7,4.28,"[Balanced player] [Division C] STRONG Recency (57.3), Map Score (54.8); WEAK Success Score (1.3), Result Score (11.6)"
—,19,Dragonfly,128,1,0,0,1,-1,4.26,"[Rare guest] [Division C] STRONG Map Score (42.9), Recency (35.6); WEAK Format Score (0.0), Success Score (21.1)"
—,20,Bio-mechanoid,110,3,3,0,0,+3,3.67,"[Weak-opponent farmer] [Division D] STRONG Recency (95.2), Result Score (32.3); WEAK Format Score (7.4), Success Score (22.7)"
—,21,Костян,75,1,0,0,1,-1,2.52,"[Rare guest] [Division D] STRONG Recency (100.0), Map Score (42.9); WEAK Success Score (19.0), Format Score (22.2)"
—,22,Snake-Eyed,62,2,2,0,0,+2,2.06,"[Rare guest] [Division D] STRONG Recency (92.8), Result Score (32.2); WEAK Format Score (0.0), Map Score (21.4)"
—,23,Overlord,55,3,0,0,3,-3,1.85,"[Balanced player] [Division D] STRONG Recency (95.2), Map Score (28.6); WEAK Format Score (7.4), Success Score (14.7)"
—,24,TURMS,53,3,0,0,3,-3,1.76,"[Balanced player] [Division D] STRONG Recency (95.2), Map Score (28.6); WEAK Format Score (7.4), Success Score (14.0)"