RankChange,#,PlayerID,Points,MapsPlayed,Wins,Draws,Losses,W-L,FinalScore,Explanation
0,1,TaWRe,2329,7,5,0,2,+3,77.65,"[Dominant duelist] [Division A] STRONG Recency (86.1), Success Score (66.1); WEAK Map Score (42.9), Format Score (50.0)"
+1,2,LIKBEZ,2300,6,5,0,1,+4,76.67,"[Dominant duelist] [Division A] STRONG Result Score (77.3), Recency (75.4); WEAK Format Score (50.0), Map Score (66.7)"
+3,3,Denger,1564,8,6,0,2,+4,52.14,"[Dominant duelist] [Division A/B] STRONG Recency (100.0), Result Score (66.3); WEAK Success Score (47.4), Format Score (50.0)"
-2,4,KANE,1352,4,3,0,1,+2,45.06,"[Dominant duelist] [Division B] STRONG Result Score (70.3), Recency (56.2); WEAK Map Score (0.0), Success Score (25.4)"
+2,5,Almol,1272,5,3,0,2,+1,42.40,"[Dominant duelist] [Division B] STRONG Map Score (80.0), Recency (70.1); WEAK Success Score (38.4), Format Score (50.0)"
+3,6,TAHK,1176,5,3,0,2,+1,39.19,"[Dominant duelist] [Division B] STRONG Map Score (68.0), Format Score (50.0); WEAK Success Score (35.0), Recency (44.6)"
-2,7,Rukimichimoshi,1004,3,0,0,3,-3,33.48,"[Tested by the top] [Division B] STRONG Map Score (86.7), Format Score (50.0); WEAK Success Score (18.6), Result Score (23.9)"
+3,8,Fora,937,5,1,0,4,-3,31.24,"[Tested by the top] [Division B] STRONG Recency (87.6), Map Score (60.0); WEAK Success Score (24.4), Result Score (30.0)"
+5,9,Supersniper98,837,3,1,0,2,-1,27.91,"[Tested by the top] [Division B] STRONG Map Score (86.7), Format Score (50.0); WEAK Result Score (29.6), Success Score (32.7)"
+2,10,Clow,824,3,0,0,3,-3,27.47,"[Tested by the top] [Division B] STRONG Map Score (100.0), Format Score (50.0); WEAK Result Score (19.7), Success Score (21.0)"
—,11,SeriousAle,632,3,0,0,3,-3,21.08,"[Tested by the top] [Division B/C] STRONG Map Score (60.0), Recency (52.9); WEAK Result Score (8.0), Success Score (15.3)"
+3,12,NekoRanger,527,11,9,0,2,+7,17.55,"[Weak-opponent farmer] [Division B/C] STRONG Recency (76.3), Result Score (66.2); WEAK Success Score (12.0), Format Score (50.0)"
—,13,Telepuzik,369,13,7,0,6,+1,12.30,"[Weak-opponent farmer] [Division C] STRONG Recency (82.7), Result Score (50.4); WEAK Success Score (8.1), Map Score (47.7)"
+4,14,Rokunin,361,12,8,0,4,+4,12.04,"[Weak-opponent farmer] [Division C] STRONG Recency (84.7), Result Score (66.7); WEAK Success Score (8.7), Map Score (46.7)"
+1,15,Mr.Chocolate,347,14,5,0,9,-4,11.57,"[Dominant duelist] [Division C] STRONG Recency (72.4), Format Score (50.0); WEAK Success Score (6.9), Map Score (37.1)"
+6,16,Overlord,252,14,11,0,3,+8,8.39,"[Weak-opponent farmer] [Division C] STRONG Recency (74.8), Result Score (69.4); WEAK Success Score (4.0), Map Score (30.0)"
+9,17,Alezanco,249,2,0,0,2,-2,8.31,"[Rare guest] [Division C] STRONG Map Score (60.0), Recency (58.2); WEAK Result Score (1.5), Success Score (12.1)"
+6,18,Bio-mechanoid,234,17,11,0,6,+5,7.82,"[Weak-opponent farmer] [Division C] STRONG Recency (68.1), Result Score (59.2); WEAK Success Score (3.4), Map Score (42.9)"
—,19,Nics,211,13,10,0,3,+7,7.04,"[Weak-opponent farmer] [Division C] STRONG Result Score (77.2), Recency (53.5); WEAK Success Score (2.9), Map Score (36.7)"
+1,20,Baltica,204,6,2,0,4,-2,6.79,"[Balanced player] [Division C/D] STRONG Format Score (50.0), Recency (43.6); WEAK Success Score (3.5), Map Score (20.0)"
+4,21,Silver,159,6,0,0,6,-6,5.29,"[Balanced player] [Division C/D] STRONG Format Score (50.0), Map Score (33.3); WEAK Success Score (2.6), Result Score (14.0)"
+6,22,Cofein,75,13,3,0,10,-7,2.49,"[Balanced player] [Division D] STRONG Recency (57.2), Format Score (50.0); WEAK Success Score (1.5), Result Score (24.6)"
—,23,CursedBun,64,7,3,0,4,-1,2.14,"[Balanced player] [Division D] STRONG Format Score (50.0), Map Score (40.0); WEAK Success Score (1.2), Recency (34.9)"
+6,24,TURMS,49,6,1,0,5,-4,1.63,"[Balanced player] [Division D] STRONG Map Score (93.3), Format Score (50.0); WEAK Success Score (1.0), Result Score (24.8)"
—,25,GEO,46,6,1,0,5,-4,1.52,"[Balanced player] [Division D] STRONG Format Score (50.0), Map Score (44.0); WEAK Recency (0.0), Success Score (0.8)"